name,phone,email
Liam Carter,+1-202-555-0143,liam.carter@example.com
Olivia Bennett,+1-202-555-0172,olivia.bennett@example.com
Noah Walker,+1-202-555-0127,noah.walker@example.com
Emma Hall,+1-202-555-0194,emma.hall@example.com
Elijah Wright,+1-202-555-0103,elijah.wright@example.com
Ava Mitchell,+1-202-555-0181,ava.mitchell@example.com
James Clark,+1-202-555-0139,james.clark@example.com
Sophia Adams,+1-202-555-0112,sophia.adams@example.com
Benjamin Scott,+1-202-555-0197,benjamin.scott@example.com
Isabella Turner,+1-202-555-0160,isabella.turner@example.com
Lucas Harris,+1-202-555-0140,lucas.harris@example.com
Mia Lewis,+1-202-555-0159,mia.lewis@example.com
Henry Allen,+1-202-555-0117,henry.allen@example.com
Charlotte Young,+1-202-555-0109,charlotte.young@example.com
Alexander Hill,+1-202-555-0125,alexander.hill@example.com
Amelia Green,+1-202-555-0166,amelia.green@example.com
Daniel Baker,+1-202-555-0178,daniel.baker@example.com
Harper Nelson,+1-202-555-0185,harper.nelson@example.com
Matthew Perez,+1-202-555-0193,matthew.perez@example.com
Evelyn Campbell,+1-202-555-0107,evelyn.campbell@example.com
Sebastian Rivera,+1-202-555-0133,sebastian.rivera@example.com
Abigail Edwards,+1-202-555-0182,abigail.edwards@example.com
Jack Morris,+1-202-555-0154,jack.morris@example.com
Ella Rogers,+1-202-555-0145,ella.rogers@example.com
Aiden Reed,+1-202-555-0179,aiden.reed@example.com
Scarlett Cook,+1-202-555-0121,scarlett.cook@example.com
Owen Morgan,+1-202-555-0196,owen.morgan@example.com
Emily Bell,+1-202-555-0163,emily.bell@example.com
Wyatt Murphy,+1-202-555-0113,wyatt.murphy@example.com
Grace Bailey,+1-202-555-0186,grace.bailey@example.com
Julian Cooper,+1-202-555-0105,julian.cooper@example.com
Lily Richardson,+1-202-555-0170,lily.richardson@example.com
David Cox,+1-202-555-0129,david.cox@example.com
Chloe Howard,+1-202-555-0155,chloe.howard@example.com
Joseph Ward,+1-202-555-0138,joseph.ward@example.com
Aria Torres,+1-202-555-0190,aria.torres@example.com
Levi Peterson,+1-202-555-0102,levi.peterson@example.com
Zoey Gray,+1-202-555-0149,zoey.gray@example.com
Samuel Ramirez,+1-202-555-0130,samuel.ramirez@example.com
Nora James,+1-202-555-0115,nora.james@example.com
Ethan Russell,+1-202-555-0128,ethan.russell@example.com
Hannah Jenkins,+1-202-555-0165,hannah.jenkins@example.com
Gabriel Bryant,+1-202-555-0150,gabriel.bryant@example.com
Luna Griffin,+1-202-555-0132,luna.griffin@example.com
Carter Hayes,+1-202-555-0180,carter.hayes@example.com
Zoe Simmons,+1-202-555-0191,zoe.simmons@example.com
Caleb Foster,+1-202-555-0119,caleb.foster@example.com
Layla Powell,+1-202-555-0108,layla.powell@example.com
Nathan Butler,+1-202-555-0177,nathan.butler@example.com
Avery Barnes,+1-202-555-0183,avery.barnes@example.com